codigo,modulo,tipo,descripcion,pregunta_socratica,pista_conceptual,pista_procedimental,andamiaje,verificacion,pregunta_metacognitiva
MESH_COUNT_WRONG,mallas,conceptual,Cuenta mal el número de mallas,"Una malla es un lazo que no encierra a otros lazos. Si miras el circuito como un plano, ¿cuántas ""ventanas"" cerradas ves?",Cada malla necesita su propia corriente. Un lazo que rodea a otros (el contorno exterior) no es una malla nueva.,"Cuenta ramas (B) y nodos (N): en un circuito plano, el número de mallas es B − N + 1.",Este circuito tiene {B} elementos y {N} nodos. ¿Cuánto vale {B} − {N} + 1?,¿Coincide tu número de corrientes con el número de ecuaciones independientes que vas a necesitar?,¿Qué regla usarás la próxima vez para contar mallas sin dibujar lazos de más?
MESH_NOT_A_LOOP,mallas,conceptual,Describe una malla con elementos que no forman un lazo cerrado,Recorre con el dedo los elementos que mencionaste. ¿Puedes volver al punto de partida sin pasar por otro elemento?,"Una malla es un camino cerrado: sales de un nodo, recorres elementos y regresas al mismo nodo.","Empieza en un nodo, sigue un elemento a la vez y anota cada uno hasta regresar al inicio.",La malla {malla} pasa por {pista_elementos}. ¿Qué otros elementos cierran ese lazo?,¿Tu lazo regresa al nodo de partida?,¿Cómo verificas que un conjunto de elementos forma realmente una malla?
MESH_INCOMPLETE,mallas,procedimental,Omite elementos al describir una malla,"Vas bien, pero ¿ese lazo ya se cierra? ¿Qué elemento falta para regresar al punto de partida?","Todos los elementos del lazo cerrado forman parte de la malla, incluidas las resistencias compartidas.",Recorre la malla completa desde un nodo hasta regresar a él y anota cada elemento.,Te falta {faltan} elemento(s). Revisa entre qué nodos está cada elemento que mencionaste.,¿Regresaste al nodo inicial?,¿Qué elemento se te pasó y por qué crees que no lo viste?
SHARED_ID_WRONG,mallas,conceptual,No identifica correctamente los elementos compartidos entre mallas,¿Hay algún elemento por el que pasen dos corrientes de malla distintas?,Un elemento es compartido si pertenece a la frontera entre dos mallas: lo recorren ambas corrientes.,Compara la lista de elementos de cada malla y busca los que aparecen en ambas.,Revisa qué elementos aparecen tanto en la malla {m1} como en la malla {m2}.,¿Cada elemento compartido aparece en exactamente dos mallas?,¿Por qué es importante identificar las ramas compartidas antes de escribir LVK?
MESH_SHARED_SUM,mallas,conceptual,Suma las corrientes de malla en la rama compartida (I1 + I2 en lugar de I1 − I2),Imagina que por esa rama I{a} = 3 A intenta circular en un sentido e I{b} = 1 A en sentido contrario. ¿La corriente resultante sería 4 A o 2 A?,"Si dos corrientes de malla giran en el mismo sentido, en la rama compartida van en sentidos opuestos: la corriente neta es su diferencia.","Tomando como referencia el sentido de la corriente de la malla que estás recorriendo, la corriente en la rama compartida es (la propia − la vecina).","En la resistencia compartida de la {ecuacion}, la corriente neta es (I{a} − I{b}). ¿Cómo queda entonces su caída de voltaje?",¿Qué pasaría con la corriente de la rama compartida si I{a} = I{b}? ¿Tiene sentido físico?,¿Por qué aparece una diferencia de corrientes en una resistencia compartida?
MESH_SHARED_MISSED,mallas,conceptual,Ignora la corriente de la malla vecina en la rama compartida,¿Por la resistencia compartida pasa sólo la corriente de esta malla?,En una rama compartida circulan dos corrientes de malla; su caída depende de ambas.,Escribe primero la corriente neta de cada rama compartida y luego multiplícala por su resistencia.,La caída en la resistencia compartida de la {ecuacion} depende de dos corrientes. ¿Cuáles?,"Si cambias el valor de la otra fuente, ¿tu ecuación de esta malla cambiaría? ¿Debería?",¿Qué revisarás en cada malla antes de escribir la ecuación?
MESH_SOURCE_SIGN,mallas,procedimental,Signo equivocado en una fuente de voltaje al aplicar LVK,"Al recorrer la malla en el sentido de la corriente, ¿entras a {fuente} por la terminal + o por la −?","En LVK, recorrer una fuente de − a + es una subida de voltaje; de + a − es una caída.",Elige una convención (subidas positivas o caídas positivas) y aplícala igual a fuentes y resistencias.,Revisa sólo el signo de {fuente} en la {ecuacion}: ¿por qué terminal entras al recorrerla?,¿Tu resultado tiene sentido si esa fuente es la única que alimenta la malla?,¿Qué convención de signos usarás siempre para las fuentes?
MESH_SOURCE_MISSING,mallas,procedimental,Omite una fuente de voltaje en la ecuación de malla,Recorre de nuevo la malla elemento por elemento. ¿Pasaste por alguna fuente que no aparece en tu ecuación?,LVK suma TODOS los voltajes del lazo: resistencias y fuentes.,Haz una lista de los elementos de la malla y verifica que cada uno aporte un término.,Tu ecuación de la {ecuacion} no incluye {fuente}. ¿Qué término aporta?,¿Cuántos términos debería tener tu ecuación según los elementos de la malla?,¿Cómo evitarás omitir elementos al escribir LVK?
MESH_RES_MISSING,mallas,procedimental,Omite una resistencia en la suma de la malla,¿Tu coeficiente de la corriente propia incluye todas las resistencias por las que pasa?,"La corriente de malla atraviesa todas las resistencias del lazo, incluidas las compartidas.",El coeficiente de la corriente propia es la suma de todas las resistencias de la malla.,En la {ecuacion} parece faltar {resistencia}. ¿Por qué pasa la corriente de esta malla por ella?,¿La suma de resistencias de tu coeficiente coincide con las de la malla?,¿Qué te ayudaría a no olvidar resistencias al escribir la ecuación?
NODE_USED_R,nodos,conceptual,Usa R en lugar de 1/R (conductancia) en LCK,"En LCK sumas corrientes. Si conoces el voltaje entre los extremos de una resistencia, ¿cómo obtienes la corriente que pasa por ella?","La corriente en una resistencia es I = V/R: el voltaje se divide entre R, no se multiplica.",Cada término de LCK debe tener unidades de corriente: (Vnodo − Vvecino)/R.,Revisa las unidades de un término de tu ecuación: ¿Ω·V da amperes?,Revisa las unidades de cada término: ¿todos quedan en amperes?,¿Cómo revisarás unidades para detectar este tipo de error?
NODE_NEIGHBOR_SIGN,nodos,procedimental,Signo equivocado del voltaje del nodo vecino,"Si el nodo vecino tuviera el mismo voltaje que tu nodo, ¿cuánta corriente pasaría por la resistencia que los une?",La corriente que sale del nodo por una resistencia depende de la DIFERENCIA de voltajes.,Cada corriente que sale por una resistencia es (Vpropio − Vvecino)/R.,"En la ecuación del {ecuacion}, revisa el signo de los voltajes de los nodos vecinos.","Si ambos voltajes fueran iguales, ¿tu término daría cero?",¿Por qué la corriente depende de una diferencia de voltajes?
NODE_CSOURCE_SIGN,nodos,procedimental,Dirección equivocada de una fuente de corriente en LCK,¿La flecha de {fuente} apunta hacia el nodo o se aleja de él?,"En LCK, las corrientes que entran y las que salen del nodo tienen signos opuestos.","Decide una convención (salen = positivas, por ejemplo) y aplica la misma a fuentes y resistencias.",Revisa sólo el signo de {fuente} en la ecuación del {ecuacion}.,¿El balance de corrientes que entran y salen cuadra con tus valores?,¿Qué convención de signos usarás siempre en LCK?
NODE_CSOURCE_MISSING,nodos,procedimental,Omite una fuente de corriente conectada al nodo,¿Qué elementos están conectados a este nodo? ¿Todos aportan una corriente a tu ecuación?,LCK incluye todas las corrientes del nodo: las de resistencias y las de fuentes.,Lista todos los elementos conectados al nodo y verifica que cada uno aporte un término.,Tu ecuación del {ecuacion} no incluye a {fuente}. ¿Cuánta corriente aporta?,¿Cuántos términos debería tener tu ecuación?,¿Cómo evitarás omitir elementos conectados a un nodo?
CONSTRAINT_SIGN,general,procedimental,Signo equivocado al usar el valor de una fuente (polaridad o dirección),Mira la polaridad de {fuente}: ¿qué terminal está en el nodo de mayor potencial?,El voltaje de una fuente fija la DIFERENCIA entre sus terminales: V(+) − V(−) = valor de la fuente.,Escribe la relación V(+) − V(−) = valor de la fuente y despeja el nodo desconocido.,"Para {fuente}: identifica su terminal + y su terminal −, y escribe V(+) − V(−).","Si sustituyes tus valores, ¿la fuente queda con la polaridad correcta?",¿Qué revisarás de cada fuente antes de sustituir su valor?
EQ_VALID_COMBINATION,general,procedimental,Escribe una ecuación verdadera pero que no corresponde a la malla o nodo pedido,"Tu ecuación es correcta como relación, pero ¿corresponde a la {ecuacion}? ¿Qué lazo o nodo recorriste?",Cada ecuación del método debe salir de un solo lazo (o nodo) para que el sistema quede bien planteado.,Recorre sólo los elementos de la {ecuacion} y escribe un término por cada uno.,Escribe la ecuación usando únicamente los elementos de la {ecuacion}.,¿Tienes una ecuación por cada malla o nodo?,¿Por qué conviene escribir una ecuación por malla o nodo en lugar de combinarlas?
EQ_TERMS_WRONG,general,procedimental,Error en uno o dos términos de la ecuación,Tu ecuación va por buen camino. Revisa sólo el término de {terminos}: ¿de qué elementos sale?,Cada término de la ecuación sale de un elemento concreto; revisa ese término elemento por elemento.,Rehaz sólo el término de {terminos}: identifica qué resistencias o fuentes lo forman y con qué signo.,Desarrolla por separado la parte que contiene {terminos} antes de simplificar. ¿Qué signo queda?,¿Tu ecuación corregida da el mismo resultado al sustituir valores razonables?,¿En qué paso del desarrollo se introdujo el error?
EQ_UNRELATED,general,conceptual,La ecuación no corresponde a la estructura esperada,"Antes de escribir la ecuación, dime: ¿qué ley vas a aplicar y en qué lazo o nodo?",El método de mallas usa LVK por lazo; el de nodos usa LCK por nodo.,Recorre el lazo o nodo elemento por elemento y escribe un término por cada uno.,"Empieza así: para la {ecuacion}, ¿qué elementos incluye?",¿Tu ecuación tiene un término por cada elemento?,¿Qué pasos seguirás para plantear la siguiente ecuación?
VALUE_SIGN,general,procedimental,El valor tiene el signo contrario,El valor absoluto está bien. ¿Qué significa el signo que obtuviste respecto al sentido de referencia?,Un valor negativo sólo indica que el sentido real es opuesto al supuesto.,Revisa el sentido de referencia que elegiste y el signo al despejar.,Compara tu signo con el sentido de referencia de {var}. ¿Cuál debería ser?,¿El sentido de la corriente coincide con lo que esperarías físicamente?,¿Cómo interpretarás de ahora en adelante un resultado negativo?
VALUE_UNIT_PREFIX,general,procedimental,Error de unidades o prefijos (mA vs A),"El número se parece al correcto, pero ¿en qué unidades lo expresaste?","Revisa los prefijos: k = 1000, m = 1/1000.","Convierte todos los datos a unidades base (Ω, V, A) antes de calcular.",Escribe tu resultado en unidades base. ¿Qué factor de 1000 aparece?,¿Es razonable ese orden de magnitud para este circuito?,¿Cómo evitarás confusiones con los prefijos?
VALUE_ROUNDING,general,procedimental,Valor cercano pero con error de redondeo,Estás muy cerca. ¿En qué paso redondeaste?,Redondear en pasos intermedios acumula error.,Conserva al menos 4 cifras significativas hasta el resultado final.,Rehaz el último paso usando fracciones o más decimales.,¿Tu resultado satisface las ecuaciones con más precisión?,¿Cuándo es conveniente redondear?
VALUE_WRONG,general,procedimental,Valor numérico incorrecto,Sustituye tu valor en la ecuación que planteaste. ¿Se cumple?,El resultado debe satisfacer todas las ecuaciones del sistema.,Revisa el despeje paso a paso; comprueba cada operación.,Sustituye tu valor en {ecuacion_falla}. ¿Qué lado no coincide?,¿Tus valores cumplen todas las ecuaciones?,¿En qué paso del cálculo se produjo el error?
VALUE_ALGEBRA,general,procedimental,Los valores no satisfacen el sistema de ecuaciones (error al resolver),Sustituye tus valores en la ecuación de la {ecuacion_falla}. ¿Se cumple la igualdad?,"Si las ecuaciones están bien, el error está en la solución del sistema.",Resuelve de nuevo por eliminación o sustitución y verifica cada paso.,Sustituye en {ecuacion_falla} y localiza qué lado no coincide.,¿Tus valores cumplen todas las ecuaciones?,¿Qué método de comprobación usarás al resolver sistemas?
SP_PARALLEL_SUMMED,serie_paralelo,conceptual,Suma directamente resistencias que están en paralelo,¿Por qué consideras que esas resistencias están en serie? ¿Comparten la misma corriente o el mismo voltaje?,"En paralelo, los elementos comparten el MISMO voltaje; la corriente se reparte. No se suman directamente.","Para dos resistencias en paralelo: Req = (R1·R2)/(R1 + R2), o 1/Req = 1/R1 + 1/R2.",Identifica qué pares de resistencias están conectadas a los MISMOS dos nodos; esas están en paralelo.,¿Tu Req en paralelo es menor que la resistencia más pequeña? Debe serlo.,¿Cómo distinguirás serie de paralelo en el siguiente circuito?
SP_SERIES_AS_PARALLEL,serie_paralelo,conceptual,Trata como paralelo resistencias que están en serie,"¿Esas resistencias comparten los mismos dos nodos, o una va después de la otra?",En serie hay un único camino: la misma corriente pasa por todas y sus resistencias se suman.,Busca resistencias unidas por un nodo al que no llega nada más: esas están en serie.,Revisa si entre esas resistencias hay un nodo intermedio con sólo dos conexiones.,¿Tu Req en serie es mayor que cada resistencia? Debe serlo.,¿Qué característica te indica que dos resistencias están en serie?
SP_PRODUCT_OVER_SUM,serie_paralelo,procedimental,Aplica producto/suma a más de dos resistencias,"La fórmula producto sobre suma, ¿para cuántas resistencias funciona?",Producto/suma sólo vale para DOS resistencias en paralelo.,"Para tres o más: 1/Req = 1/R1 + 1/R2 + 1/R3..., o combínalas de dos en dos.",Combina primero dos resistencias y luego el resultado con la tercera.,¿Tu resultado es menor que la resistencia más pequeña del grupo?,¿Qué fórmula usarás para tres o más resistencias en paralelo?
OHM_INVERTED,ohm,conceptual,Invierte la Ley de Ohm (I = R/V),"Si aumentas el voltaje y dejas la resistencia igual, ¿la corriente debería aumentar o disminuir? ¿Qué predice tu fórmula?",La Ley de Ohm relaciona V = R·I: la corriente es proporcional al voltaje.,Despeja I de V = R·I paso a paso.,La relación es V = R·I. ¿Cómo despejas I?,Revisa unidades: V/Ω da amperes; Ω/V no.,¿Cómo comprobarás que un despeje tiene sentido físico?
OHM_MULTIPLIED,ohm,conceptual,Multiplica V·R en lugar de dividir,"Si duplicas la resistencia, ¿qué pasa con la corriente? ¿Qué predice tu fórmula?",Más resistencia significa menos corriente para el mismo voltaje.,Despeja I de V = R·I paso a paso.,La relación es V = R·I. ¿Cómo despejas I?,Revisa unidades: V·Ω no da amperes.,¿Cómo comprobarás que un despeje tiene sentido físico?
POWER_WRONG_FORMULA,ohm,conceptual,Usa una relación de potencia equivocada o datos de otro elemento,¿Qué voltaje y qué corriente corresponden exactamente a ese elemento?,"P = V·I, donde V e I son los del MISMO elemento. También P = I²R = V²/R.",Obtén primero el voltaje y la corriente del elemento; luego multiplícalos.,Para ese elemento: ¿cuál es su voltaje y cuál su corriente?,¿La potencia total entregada por las fuentes es igual a la absorbida por las resistencias?,¿Qué revisarás antes de calcular una potencia?
SERIES_CURRENT_CONCEPT,serie_paralelo,conceptual,Cree que la corriente es diferente en cada resistencia en serie,"En un circuito serie existe un único camino para la corriente. Si sólo existe un camino, ¿qué tendría que ocurrir con la corriente que atraviesa cada resistencia?",La carga no se acumula en los nodos: lo que entra a un elemento en serie sale y pasa al siguiente.,Aplica LCK en el nodo entre dos resistencias en serie: ¿qué corriente entra y cuál sale?,En serie la corriente es la misma en todos los elementos. ¿Qué cambia entonces de una resistencia a otra?,¿Tus corrientes en serie son iguales?,¿Qué diferencia hay entre lo que se reparte en serie y lo que se reparte en paralelo?
NODE_COUNT_WRONG,nodos,conceptual,Cuenta mal los voltajes de nodo desconocidos,"Un nodo es un punto donde se unen dos o más elementos. ¿Cuántos puntos distintos ves, sin contar la referencia?",Todos los puntos unidos por un cable sin elementos son el MISMO nodo.,Numera cada nodo distinto; el de referencia vale 0 V y no es incógnita.,"Este circuito tiene {N} nodos en total. Sin la referencia, ¿cuántos quedan?",¿Tienes una ecuación por cada voltaje desconocido?,¿Cómo contarás nodos la próxima vez?
PARSE_ERROR,general,procedimental,No se pudo leer la respuesta,No logré leer tu respuesta. ¿Puedes escribirla de nuevo? Por ejemplo: {ejemplo},Usa las variables del problema ({vars}) y un solo signo = por ecuación.,Escribe cada ecuación en una línea distinta.,Ejemplo de formato: {ejemplo},,¿Qué formato te resultó más claro?
SHARED_EXPR_REF,mallas,procedimental,Expresa la corriente de la rama compartida con la referencia invertida,"Tomando como referencia el sentido de I{a}, ¿cuál corriente va a favor y cuál en contra?","La corriente de la malla de referencia va con signo positivo; la de la malla vecina, con signo negativo.",Escribe primero la corriente de referencia y luego resta la que va en sentido contrario.,Con referencia en I{a}: (I{a} − ¿?). ¿Qué corriente restas?,¿Tu expresión da cero si ambas corrientes son iguales?,¿Por qué importa desde qué malla tomas la referencia?
VERIFY_VAGUE,general,conceptual,No propone una forma concreta de comprobar el resultado,"¿Qué podrías sustituir, medir o comparar para estar seguro de tu resultado?","Un resultado se comprueba de forma independiente: sustituyéndolo en las ecuaciones, con un balance de potencias o midiendo en un simulador.","Elige una comprobación concreta: sustituir en las ecuaciones, revisar LCK en un nodo o simular el circuito.","Por ejemplo: sustituye tus valores en las ecuaciones originales, o arma el circuito en PhET/Multisim y mide. ¿Cuál harías?",,¿Qué comprobación te da más confianza y por qué?
CONCEPT_WRONG,general,conceptual,Respuesta conceptual incorrecta o incompleta,Revisa esa idea. ¿Qué ley o propiedad del circuito se aplica aquí?,Piensa en la definición: ¿qué se conserva en un nodo y qué en un lazo cerrado?,Relaciona tu respuesta con LCK (nodos) o LVK (lazos).,{pista_concepto},,¿Qué concepto aclaraste en este paso?
VALUE_OTHER_ELEMENT,general,conceptual,Calcula la magnitud de otro elemento en lugar de la pedida,Ese valor corresponde a otro elemento del circuito. ¿Qué voltaje tiene exactamente {elemento}?,"Cada elemento tiene su propio voltaje y corriente; en paralelo se comparte el voltaje, no la corriente.",Obtén primero el voltaje entre las terminales de {elemento} y luego aplica la Ley de Ohm sólo a ese elemento.,Para {elemento}: ¿entre qué nodos está conectado y cuál es el voltaje entre ellos?,¿La suma de corrientes en el nodo cuadra con tus valores?,¿Cómo te aseguras de usar los datos del elemento correcto?
MESH_TYPE_WRONG,mallas,conceptual,"Clasifica mal el tipo de malla (real, fantasma o supermalla)","¿La malla {malla} tiene alguna fuente de corriente? Si la tiene, ¿esa fuente pertenece sólo a esa malla o la comparte con otra?",Malla real: no tiene fuentes de corriente. Malla fantasma: una fuente de corriente que sólo es suya fija su corriente. Supermalla: dos mallas comparten una fuente de corriente.,"Busca las fuentes de corriente del circuito y, para cada una, anota qué mallas la rodean.","Revisa la malla {malla}: ¿cuántas mallas rodean a su fuente de corriente, si la tiene? Con eso decide si es real, fantasma o parte de una supermalla.",¿El número de ecuaciones que vas a plantear coincide con el número de corrientes de malla?,¿Qué observarás primero en un circuito para decidir el tipo de cada malla?
NODE_TYPE_WRONG,nodos,conceptual,"Clasifica mal el tipo de nodo (real, fantasma o supernodo)","¿El nodo {nodo} está unido a alguna fuente de voltaje? Si es así, ¿el otro extremo de esa fuente es el nodo de referencia?","Nodo fantasma: una fuente de voltaje lo une con la referencia, así que su voltaje ya se conoce. Supernodo: una fuente de voltaje une dos nodos que no son la referencia. Nodo real: no lo toca ninguna fuente de voltaje.","Para cada fuente de voltaje, anota qué dos nodos une y si uno de ellos es la referencia.",Revisa el nodo {nodo}: ¿qué fuente de voltaje lo toca y a qué otro nodo lo conecta?,¿Cuántos voltajes de nodo quedan realmente desconocidos?,¿Qué revisarás primero para clasificar los nodos antes de plantear ecuaciones?
SP_NOT_COMBINABLE,serie_paralelo,conceptual,Combina resistencias que no están ni en serie ni en paralelo,"¿Por qué consideras que {elementos} están en {relacion}? ¿Pasa por ellas exactamente la misma corriente, o están conectadas a los mismos dos nodos?",Dos resistencias están en serie sólo si entre ellas hay un nodo al que no se conecta nada más; están en paralelo sólo si están conectadas a los mismos dos nodos.,"Marca los nodos de {elementos}. Si en el nodo que comparten se conecta otro elemento, no están en serie; si no tienen los mismos dos nodos, no están en paralelo.",Busca otro par: dos resistencias con los mismos dos nodos (paralelo) o unidas por un nodo que no toca nada más (serie). ¿Cuál encuentras?,"Después de combinar, ¿el circuito equivalente conserva las mismas terminales?",¿Qué revisarás en los nodos antes de decir que dos resistencias están en serie o en paralelo?
SP_SHORTED_INCLUDED,serie_paralelo,conceptual,Incluye en el cálculo una resistencia que está en corto,"Mira las terminales de {elemento}: ¿hay un cable que las une directamente? Si lo hay, ¿qué voltaje tiene entre sus extremos?",Una resistencia en corto tiene 0 V entre sus terminales: no circula corriente por ella y se elimina del circuito.,"Antes de combinar, busca resistencias con ambas terminales en el mismo nodo y quítalas.",{elemento} tiene sus dos terminales en el mismo nodo. ¿Cuánto aporta a la resistencia equivalente?,¿Tu equivalente cambia si quitas {elemento}? No debería.,¿Cómo detectarás elementos en corto en el siguiente circuito?
BALANCE_WRONG,general,procedimental,El balance de potencias no cierra (PE distinta de PC),"Si la energía se conserva, ¿cómo deberían compararse la potencia que entregan las fuentes y la que consumen las resistencias?",En todo circuito la potencia entregada por las fuentes es igual a la consumida por las resistencias: PE = PC.,"PC es la suma de I²·R de todas las resistencias. PE es la suma de V·I de cada fuente, con el voltaje en sus terminales.",Revisa la potencia de cada fuente: una fuente entrega potencia cuando la corriente sale por su terminal +. ¿Alguna está absorbiendo?,"Si PE y PC no coinciden, ¿cuál de tus corrientes revisarías primero?",¿Por qué el balance de potencias es una buena forma de comprobar un circuito?
TABLE_VALUE_WRONG,general,procedimental,"Error al calcular I, V o P de una resistencia en la tabla de resultados",Revisa {var} de {elemento}: ¿qué corriente pasa realmente por ella (su ecuación de rama)?,Con la corriente de la rama: V = I·R y P = I²·R = V·I.,"Calcula en orden: primero la corriente de {elemento} con su ecuación de rama, luego V = I·R y al final P = V·I.","Para {elemento}: I = (ecuación de rama), V = I·({valor} Ω) y P = V·I. ¿Qué obtienes en cada una?",¿La suma de las potencias de todas las resistencias coincide con la que entregan las fuentes?,¿Qué paso de la tabla te conviene revisar dos veces?
